{
"vertices": 
[[0.7639320225002102, 0.7639320225002102, 0.7639320225002102], [0.4721359549995796, 0.0, 1.2360679774997898], [0.7639320225002102, -0.7639320225002102, 0.7639320225002102], [1.2360679774997898, 0.4721359549995796, 0.0], [1.2360679774997898, -0.4721359549995796, 0.0], [0.0, 1.2360679774997898, 0.4721359549995796], [0.0, -1.2360679774997898, 0.4721359549995796], [-0.4721359549995796, 0.0, 1.2360679774997898], [-0.7639320225002102, 0.7639320225002102, 0.7639320225002102], [-0.7639320225002102, -0.7639320225002102, 0.7639320225002102], [0.7639320225002102, 0.7639320225002102, -0.7639320225002102], [0.0, 1.2360679774997898, -0.4721359549995796], [0.7639320225002102, -0.7639320225002102, -0.7639320225002102], [0.0, -1.2360679774997898, -0.4721359549995796], [0.4721359549995796, 0.0, -1.2360679774997898], [-1.2360679774997898, 0.4721359549995796, 0.0], [-1.2360679774997898, -0.4721359549995796, 0.0], [-0.7639320225002102, 0.7639320225002102, -0.7639320225002102], [-0.7639320225002102, -0.7639320225002102, -0.7639320225002102], [-0.4721359549995796, 0.0, -1.2360679774997898]],
"edges": 
[[2, 4], [1, 2], [0, 1], [0, 3], [3, 4], [5, 8], [0, 5], [1, 7], [7, 8], [6, 9], [2, 6], [7, 9], [5, 11], [3, 10], [10, 11], [6, 13], [4, 12], [12, 13], [10, 14], [12, 14], [9, 16], [8, 15], [15, 16], [11, 17], [15, 17], [13, 18], [16, 18], [14, 19], [17, 19], [18, 19]],
"facets": 
[[4, 2, 1, 0, 3], [8, 5, 0, 1, 7], [9, 6, 2, 1, 7], [11, 5, 0, 3, 10], [13, 6, 2, 4, 12], [14, 10, 3, 4, 12], [16, 9, 7, 8, 15], [17, 11, 5, 8, 15], [18, 13, 6, 9, 16], [19, 14, 10, 11, 17], [19, 14, 12, 13, 18],[15,16,17,18,19]],
"colors":
[]
}
