{ 
"vertices": 
[[1.326113649, -1.304593426, -1.533593471], [-0.3505997328, -0.939885912, 0.3304287364], [0.2733836704, 1.055689343, -0.4343712324], [0.5900796158, -0.5459822267, 0.6330988703], [0.8267931401, 0.5667148369, 0.9657395516], [0.0006091462859, -0.5772125972, 0.9291883809], [-0.5228266096, 0.04558283235, -0.8720320551], [-2.024444795, 0.5654052621, 0.5132573113], [-0.2927010922, 0.4833435226, -0.8797027406]],
"edges": 
[[3, 5], [3, 4], [4, 5], [2, 7], [2, 4], [4, 7], [5, 7], [2, 8], [7, 8], [6, 8], [6, 7], [1, 7], [1, 5], [0, 8], [0, 2], [0, 6], [0, 4], [0, 3], [0, 1]],
"facets": 
[[5, 3, 4], [7, 2, 4], [7, 4, 5], [8, 2, 7], [8, 6, 7], [7, 1, 5], [8, 0, 2], [8, 0, 6], [4, 0, 2], [4, 0, 3], [5, 1, 0, 3], [7, 1, 0, 6]],
"colors": 
 [null, null, null, null, null, null, null, null, null, null, null, null]
 }
