{ 
"vertices": 
	[[-0.2075902059, 0.2779279268, -1.014454994], 
	[-0.3120638, -0.3105627235, -0.9239332512], 
	[-0.5398698128, -0.0696177102, -0.8477355324], 
	[1.081317517, -0.6858890561, -0.9280494593], 
	[0.3423814027, 1.84395316, 0.05436938813], 
	[-2.474972378, -1.496580911, 0.9335452196], 
	[0.09051091866, -0.02783072413, 0.999294405], 
	[0.06405330075, 0.2960981995, 0.9824027088], 
	[0.8009480873, -0.1961062109, 0.8656968408]],
"edges": 
	[[7, 8], [4, 7], [4, 8], [6, 8], [6, 7], [5, 8], [5, 6], [5, 7], [1, 5], [1, 2], [2, 5], [0, 2], [0, 1], [4, 5], [0, 4], [1, 3], [0, 3], [3, 5], [3, 8], [3,4]],
"facets": 
[[8, 7, 4], [8, 6, 7], [8, 5, 6], [7, 5, 6], [5, 1, 2], [2, 0, 1], [7, 4, 5], [4, 5, 2, 0], [3, 1, 0], [5, 1, 3], [8, 5, 3], [0, 3, 4], [3, 4, 8]],
"colors": 
 [null, null, null, null, null, null, null, null, null, null, null]
 }
