{ 
"vertices": 
[[1.288685292, -1.063534622, 0.3490086028], [-0.2208612703, -0.7971512656, 0.5864570552], [-0.3447588439, -0.9517509598, 0.2072199683], [-1.996018679, 0.0, -1.0], [0.50486418, 0.0, -1.0], [-0.3940033167, -0.1779748346, 1.123215992], [0.3665670153, 0.6507963697, -0.7017059181], [-0.004342042911, 0.7903454772, -0.6377432489], [0.4714357753, 1.425192489, 0.5402833426]],
"edges": 
[[0, 8], [0, 5], [5, 8], [0, 4], [4, 6], [6, 8], [3, 8], [3, 7], [7, 8], [0, 2], [2, 3], [3, 4], [3, 5], [6, 7], [1, 5], [1, 2], [0, 1]],
"facets": 
[[8, 0, 5], [8, 0, 4, 6], [8, 3, 7], [4, 0, 2, 3], [8, 3, 5], [8, 6, 7], [5, 1, 2, 3], [7, 3, 4, 6], [5, 0, 1], [2, 0, 1]],
"colors": 
 [null, null, null, null, null, null, null, null, null, null]
 }