{ 
"vertices": 
[[0.2213545578, -1.064806601, 0.9897352501], [-0.1442939432, 0.3991603038, 1.00273939], [-0.5768950438, -0.05571266464, 0.8432672638], [-0.3689685123, 0.8335398058, 0.4944079674], [-2.32232498, 0.0, -1.0], [0.4165312962, -0.8650554608, -0.6373154511], [0.1699039736, 0.0, -1.0], [0.3787306266, -0.2097538983, -0.912058242], [1.95050488, 1.48825539, -0.2848842479]],
"edges": 
[[0, 4], [0, 2], [2, 4], [0, 5], [4, 5], [5, 7], [4, 6], [6, 7], [5, 8], [7, 8], [1, 2], [1, 3], [3, 4], [0, 1], [0, 8], [1, 8], [3, 8], [4, 8], [6, 8]],
"facets": 
[[4, 0, 2], [5, 0, 4], [7, 5, 4, 6], [8, 5, 7], [4, 2, 1, 3], [2, 0, 1], [8, 0, 1], [8, 0, 5], [8, 3, 4], [8, 6, 7], [8, 4, 6], [8, 1, 3]],
"colors": 
 [null, null, null, null, null, null, null, null, null, null, null, null]
 }