{ 
"vertices": 
[[0.661268725, 1.02502578, -0.1449083362], [0.6220305754, 0.0, -1.0], [0.1125132471, 0.6377242425, -0.7931383927], [-1.923719775, 0.0, -1.0], [-0.3180636324, 0.9523490533, 0.3992375878], [0.4516217705, -1.243937184, -0.1696692814], [-0.5754203556, -0.5924707174, 0.6247586044], [-0.1818773853, -0.8166770731, 0.5784456372], [0.4593417176, 0.03353823467, 1.522530557]],
"edges": 
[[0, 8], [0, 1], [1, 5], [5, 8], [1, 3], [1, 2], [2, 3], [6, 8], [6, 7], [7, 8], [0, 4], [0, 2], [3, 4], [5, 7], [3, 5], [3, 6], [4, 8]],
"facets": 
[[8, 0, 1, 5], [3, 1, 2], [8, 6, 7], [4, 0, 2, 3], [7, 5, 3, 6], [8, 5, 7], [5, 1, 3], [8, 0, 4], [2, 0, 1], [8, 4, 3, 6]],
"colors": 
 [null, 1507072, null, 4663850, 4663850, null, 1507072, 1507072, 1507072, null]
 }
