{ 
"vertices": 
[[-0.122455544, 2.806905969, 0.5669765698], [0.1505810469, 0.3110850133, -0.9736198943], [-0.05705268177, -0.4466207262, 1.080437883], [0.8730499495, 0.2955808527, -0.4340189799], [1.237961762, -0.5351546489, 0.2422370009], [0.6606353598, -0.05329725213, -0.8402937707], [-0.9182087126, 0.10877975, 0.4029919158], [-1.472627721, -1.710306005, -1.177205534], [-0.7484351319, -0.0702805196, 0.7095519]],
"edges": 
[[1, 5], [0, 1], [0, 3], [3, 5], [0, 7], [1, 7], [6, 8], [6, 7], [7, 8], [0, 6], [0, 8], [0, 2], [2, 8], [2, 7], [5, 7], [2, 4], [4, 7], [4, 5], [0, 4], [3, 4]],
"facets": 
[[5, 1, 0, 3], [7, 0, 1], [8, 6, 7], [7, 0, 6], [8, 0, 6], [8, 0, 2], [8, 2, 7], [7, 1, 5], [7, 2, 4], [7, 4, 5], [4, 0, 2], [4, 0, 3], [5, 3, 4]],
"colors": 
 [null, null, null, null, null, null, null, null, null, null, null, null, null]
 }
