{ 
"vertices": 
[[0.7141930599, 0.7412875145, -0.5060542818], [0.09212717077, 1.101989692, 1.203873033], [-0.07668832213, 0.9731958993, -0.3515256387], [-1.83503102, 0.0, -1.0], [-0.5967524179, -0.3789226007, 0.8066452678], [0.3870932386, 0.0, -1.0], [-0.2258069985, -0.8426117793, 0.5527991483], [-0.3044268076, -0.9884249349, 0.05241094448], [1.420216162, -1.046263282, 0.113993476]],
"edges": 
[[0, 2], [0, 1], [1, 2], [0, 8], [1, 8], [1, 4], [4, 6], [6, 8], [1, 3], [3, 4], [5, 8], [3, 5], [3, 7], [7, 8], [6, 7], [0, 5], [2, 3]],
"facets": 
[[2, 0, 1], [8, 0, 1], [8, 1, 4, 6], [4, 1, 3], [8, 5, 3, 7], [7, 3, 4, 6], [5, 0, 2, 3], [8, 0, 5], [3, 1, 2], [8, 6, 7]],
"colors": 
 [null, null, null, null, null, null, null, null, null, null]
 }