{ 
"vertices": 
[[0.02393053605, 1.132397732, 0.3161257055], [-0.08366713686, 0.9126483416, -0.4353127082], [0.3729759271, 0.8486327177, -0.4749214026], [-2.212703874, 0.0, -1.0], [0.7904869019, 0.0, -1.0], [-0.01696444664, -0.1353784175, 1.484801049], [-0.2399224342, -0.999371136, 0.1053104689], [-0.04812782814, -0.8970418989, 0.4689496602], [0.6971931234, -0.9827635172, 0.08694234283]],
"edges": 
[[4, 8], [2, 4], [0, 2], [0, 5], [5, 8], [0, 1], [1, 2], [0, 3], [3, 5], [5, 7], [3, 6], [6, 7], [3, 4], [6, 8], [1, 3], [7, 8]],
"facets": 
[[8, 4, 2, 0, 5], [2, 0, 1], [5, 0, 3], [7, 5, 3, 6], [8, 4, 3, 6], [4, 2, 1, 3], [8, 5, 7], [3, 0, 1], [8, 6, 7]],
"colors": 
 [null, null, null, null, null, null, null, null, null]
 }