{ 
"vertices": 
[[0.1671502404, 0.6353756257, 0.9752904014], [0.6769920447, 0.657873618, 0.371898391], [0.3944277738, 0.9517826583, 0.1528900682], [2.084103771, -1.243781743, 0.07467853827], [0.1945921923, 0.8738680564, -0.9073907872], [-1.06465494, -0.5677586184, 0.876018992], [-0.2757635266, -0.8366403914, -0.5397991012], [-0.6118199051, -0.7515488748, -0.2962514685], [-0.8467767533, -0.1594979541, -0.8467531434]],
"edges": 
[[0, 2], [0, 1], [1, 2], [5, 8], [5, 7], [7, 8], [6, 8], [6, 7], [4, 8], [2, 4], [0, 5], [0, 3], [3, 5], [1, 3], [3, 6], [3, 4]],
"facets": 
[[2, 0, 1], [8, 5, 7], [8, 6, 7], [8, 4, 2, 0, 5], [5, 0, 3], [3, 0, 1], [7, 5, 3, 6], [8, 4, 3, 6], [4, 2, 1, 3]],
"colors": 
 [null, null, null, null, null, null, null, null, null]
 }
