{ 
"vertices": 
[[-0.2221446218, 0.889002712, 0.7923805079], [0.9648767621, 0.8952607721, -0.2386089587], [-0.1737242025, 1.008488449, -0.1423123918], [0.4108152476, 0.0, -1.0], [-0.4618859702, -0.3015347336, 0.9979911693], [-1.978532161, 0.0, -1.0], [-0.1559461753, -1.030964955, -0.08399865965], [0.0542608312, -0.9127380054, 0.5483399824], [0.9740944899, -0.8436322968, -0.250441724]],
"edges": 
[[0, 5], [0, 4], [4, 5], [0, 2], [0, 1], [1, 2], [4, 7], [5, 6], [6, 7], [3, 8], [3, 5], [6, 8], [2, 5], [1, 3], [1, 8], [7, 8]],
"facets": 
[[5, 0, 4], [2, 0, 1], [7, 4, 5, 6], [8, 3, 5, 6], [5, 2, 1, 3], [8, 1, 3], [8, 1, 0, 4, 7], [5, 0, 2], [8, 6, 7]],
"colors": 
 [null, null, null, null, null, null, null, null, null]
 }