{ 
"vertices": 
[[-2.193729781, 0.0, -1.0], [0.339836505, 0.0, -1.0], [-0.3485386788, -0.1315152331, 1.113158354], [-0.003318584995, 0.8832989482, -0.5166010836], [0.2449314279, 1.238247429, 0.586649286], [0.600139278, 0.6479823073, -0.6453817297], [-0.2890125063, -0.974623069, 0.04946724242], [1.798786271, -1.173247763, 0.2633449111], [-0.383937297, -0.8268936198, 0.5118699987]],
"edges": 
[[0, 4], [0, 2], [2, 4], [0, 8], [2, 8], [0, 6], [6, 8], [2, 7], [7, 8], [1, 7], [0, 1], [6, 7], [1, 5], [5, 7], [3, 5], [3, 4], [4, 5], [4, 7], [0, 3]],
"facets": 
[[4, 0, 2], [8, 0, 2], [8, 0, 6], [8, 2, 7], [7, 1, 0, 6], [7, 1, 5], [5, 3, 4], [7, 2, 4], [8, 6, 7], [4, 0, 3], [7, 4, 5], [5, 1, 0, 3]],
"colors": 
 [null, null, null, null, null, null, null, null, null, null, null, null]
 }