{ 
    "vertices": [ 
        [-2.686108507, 0.0, -1.0],
        [0.1191481331, -0.8156855649, -0.6227720428],
        [-0.005796706044, 0.9736666278, 0.6496235816],
        [0.1948248694, 0.0, -1.0],
        [0.8101078996, 0.8866776524, -0.6596563649],
        [0.5667063307, -0.3993601144, -0.8153089786],
        [-0.552132258, -0.1105220978, 0.8368259041],
        [1.391043255, -1.462219246, 1.55129154],
        [-0.4438951473, 0.2632245232, 0.8956720078]
    ],
    "edges": [ 
        [6, 7],
        [7, 8],
        [8, 6],
        [0, 3],
        [3, 4],
        [4, 0],
        [2, 7],
        [8, 2],
        [0, 2],
        [2, 4],
        [4, 5],
        [5, 3],
        [0, 6],
        [7, 0],
        [0, 1],
        [1, 7],
        [1, 5],
        [5, 7],
        [4, 7],
        [8, 0]
    ],
    "facets": [
        [6, 7, 8],
        [0, 3, 4],
        [2, 7, 8],
        [0, 2, 4],
        [3, 4, 5],
        [0, 6, 7],
        [0, 1, 7],
        [1, 5, 7],
        [2, 4, 7],
        [0, 1, 5, 3],
        [0, 6, 8],
        [4, 5, 7],
        [0, 2, 8]
    ]
}
