{
		"vertices":  [
			[-3.08240892, 0.0, -1.0], 
			[-0.08873306546, 0.5845658267, 0.9778147803], 
			[0.1630338439, -0.6282895671, -0.7946180368], 
			[0.1158503819, 0.5327269119, -0.8540574257], 
			[0.6674865486, 1.188809527, -0.1591334993], 
			[0.5230022746, 0.0, -1.0], 
			[-0.4507538381, -0.4667293802, 0.7709105838], 
			[1.502746046, -1.557380722, 0.8930850539],
			[0,0,0]
		],
		"edges":
[[0, 8], [0, 6], [6, 8], [1, 7], [1, 4], [4, 7], [0, 5], [0, 2], [2, 5], [0, 7], [6, 7], [3, 5], [3, 4], [4, 5], [0, 4], [0, 1], [1, 8], [7, 8], [2, 7], [5, 7], [0, 3]]
,"facets": 
[[8, 0, 6], [7, 1, 4], [5, 0, 2], [7, 0, 6], [5, 3, 4], [4, 0, 1], [8, 1, 7], [7, 0, 2], [7, 2, 5], [5, 0, 3], [8, 0, 1], [7, 4, 5], [8, 6, 7]],
"colors": ["0x000000","0x000000","0x000000","0x000000","0x000000"]
}
