{ 
"vertices": 
[[-0.4869430812, -0.3617788666, 1.001203148], [0.3661491107, 0.0, -1.0], [-1.826661343, 0.0, -1.0], [-0.05720477303, 0.9151745136, -0.4637389679], [0.1011421126, 1.232791876, 0.8247333021], [0.6352936681, 0.7074071339, -0.5854835618], [-0.3464163598, -0.9660715055, 0.07779711461], [-0.2577637354, -0.8642952774, 0.4617935394], [1.708266751, -1.161859066, 0.2962273924]],
"edges": 
[[0, 8], [0, 4], [4, 8], [2, 4], [2, 3], [3, 4], [1, 8], [1, 2], [2, 6], [6, 8], [4, 5], [5, 8], [1, 5], [0, 2], [3, 5], [0, 7], [6, 7], [7, 8]],
"facets": 
[[8, 0, 4], [4, 2, 3], [8, 1, 2, 6], [8, 4, 5], [8, 1, 5], [4, 0, 2], [5, 3, 4], [7, 0, 2, 6], [5, 1, 2, 3], [8, 0, 7], [8, 6, 7]],
"colors": 
 [null, null, null, null, null, null, null, null, null, null, null]
 }